vehicle_id,origen,destino,empleados_atendidos,capacidad_vehiculo,utilizacion_demanda_pct,hora_salida,hora_llegada,hora_limite,start_delay_window_min,end_buffer_limit_min,duracion_modelada_min,drive_time_min,wait_time_min,service_time_min,productive_time_min,idle_ratio_pct,drive_time_pct,service_time_pct,wait_time_pct,distancia_contabilizada_km,distancia_fisica_km,distance_efficiency_ratio,distancia_no_contabilizada_km,route_objective_contribution,total_stops,total_service_stops,is_empty_route,first_service_arrival,last_service_arrival,priority_low_served,priority_medium_served,priority_high_served,lag_min,ruta
0,DI000,DF,4,5,80.00,08:19,09:00,09:00,49,0,41,63,0,20,83,0.00,153.66,48.78,0.00,17.234,52.396,0.328918,35.162,17234,6,4,False,08:19,08:52,1,1,2,20,0(08:19) -> 56(08:19) -> 42(08:28) -> 28(08:39) -> 37(08:52) -> 12(09:00)
1,DI001,DF,5,5,100.00,08:11,09:00,09:00,41,0,49,45,0,25,70,0.00,91.84,51.02,0.00,19.833,37.506,0.528795,17.673,19833,7,5,False,08:11,08:46,0,1,4,25,1(08:11) -> 58(08:11) -> 53(08:21) -> 38(08:27) -> 17(08:35) -> 14(08:46) -> 12(09:00)
2,DI002,DF,5,5,100.00,07:51,09:00,09:00,21,0,69,64,0,25,89,0.00,92.75,36.23,0.00,36.566,53.184,0.687538,16.618,36566,7,5,False,07:51,08:40,0,0,5,25,2(07:51) -> 62(07:51) -> 29(08:00) -> 35(08:12) -> 60(08:30) -> 13(08:40) -> 12(09:00)
3,DI003,DF,5,5,100.00,08:02,09:00,09:00,32,0,58,52,0,25,77,0.00,89.66,43.10,0.00,27.925,43.982,0.634919,16.057,27925,7,5,False,08:02,08:41,0,0,5,25,3(08:02) -> 32(08:02) -> 47(08:10) -> 23(08:22) -> 36(08:33) -> 22(08:41) -> 12(09:00)
4,DI004,DF,5,5,100.00,07:54,09:00,09:00,24,0,66,84,0,25,109,0.00,127.27,37.88,0.00,33.078,69.005,0.479357,35.927,33078,7,5,False,07:54,08:40,0,0,5,25,4(07:54) -> 27(07:54) -> 33(08:07) -> 45(08:17) -> 34(08:33) -> 31(08:40) -> 12(09:00)
5,DI005,DF,5,5,100.00,08:01,09:00,09:00,31,0,59,63,0,25,88,0.00,106.78,42.37,0.00,29.485,53.864,0.547397,24.379,29485,7,5,False,08:01,08:35,0,0,5,25,5(08:01) -> 44(08:01) -> 55(08:10) -> 30(08:18) -> 49(08:28) -> 59(08:35) -> 12(09:00)
6,DI006,DF,5,5,100.00,08:13,09:00,09:00,43,0,47,58,0,25,83,0.00,123.40,53.19,0.00,18.918,49.269,0.383974,30.351,18918,7,5,False,08:13,08:43,0,0,5,25,6(08:13) -> 51(08:13) -> 21(08:21) -> 43(08:28) -> 46(08:37) -> 61(08:43) -> 12(09:00)
7,DI007,DF,5,5,100.00,07:35,09:00,09:00,5,0,85,98,0,25,123,0.00,115.29,29.41,0.00,50.296,81.835,0.614603,31.539,50296,7,5,False,07:35,08:22,0,0,5,25,7(07:35) -> 18(07:35) -> 41(07:47) -> 24(07:54) -> 50(08:05) -> 52(08:22) -> 12(09:00)
8,DI008,DF,5,5,100.00,07:54,09:00,09:00,24,0,66,76,0,25,101,0.00,115.15,37.88,0.00,33.983,62.888,0.540373,28.905,33983,7,5,False,07:54,08:40,0,0,5,25,8(07:54) -> 25(07:54) -> 15(08:09) -> 54(08:21) -> 20(08:29) -> 48(08:40) -> 12(09:00)
9,DI009,DF,4,5,80.00,08:29,09:00,09:00,59,0,31,21,0,20,41,0.00,67.74,64.52,0.00,9.660,17.739,0.544563,8.079,9660,6,4,False,08:29,08:50,1,3,0,20,9(08:29) -> 26(08:29) -> 57(08:35) -> 39(08:42) -> 16(08:50) -> 12(09:00)
10,DI010,DF,2,5,40.00,08:38,09:00,09:00,68,0,22,34,0,10,44,0.00,154.55,45.45,0.00,9.700,27.648,0.350839,17.948,9700,4,2,False,08:38,08:53,1,1,0,10,10(08:38) -> 19(08:38) -> 40(08:53) -> 12(09:00)
11,DI011,DF,0,5,0.00,07:30,07:30,09:00,0,90,0,27,0,0,27,0.00,0.00,0.00,0.00,0.000,22.561,0.000000,22.561,0,2,0,True,,,0,0,0,0,11(07:30) -> 12(07:30)
