vehicle_id,route_start_label,route_end_label,stop_sequence,stop_type,node_id,node_label,arrival_minutes,arrival_time,duration_from_previous_arrival_minutes,cumulative_duration_from_previous_arrival_minutes,departure_minutes,departure_time,service_minutes,wait_minutes,cumulative_wait_minutes,load_before,load_delta,load_after,leg_distance_km_from_prev,leg_travel_minutes_from_prev,cumulative_distance_km
0,DI,DF000,0,START,0,DI,0,07:30,0,0,0,07:30,0,0,0,0,0,0,0.000,0,0.000
0,DI,DF000,1,SERVICE,58,E45,19,07:49,19,19,24,07:54,5,0,0,0,1,1,15.576,19,15.576
0,DI,DF000,2,SERVICE,44,E31,35,08:05,16,35,40,08:10,5,0,0,1,1,2,9.550,11,25.126
0,DI,DF000,3,SERVICE,41,E28,49,08:19,14,49,54,08:24,5,0,0,2,1,3,7.880,9,33.006
0,DI,DF000,4,SERVICE,24,E11,56,08:26,7,56,61,08:31,5,0,0,3,1,4,1.865,2,34.871
0,DI,DF000,5,SERVICE,50,E37,67,08:37,11,67,72,08:42,5,0,0,4,1,5,5.018,6,39.889
0,DI,DF000,6,END,1,DF000,72,08:42,5,72,72,08:42,0,0,0,5,0,5,0.000,0,39.889
1,DI,DF001,0,START,0,DI,0,07:30,0,0,0,07:30,0,0,0,0,0,0,0.000,0,0.000
1,DI,DF001,1,SERVICE,28,E15,10,07:40,10,10,15,07:45,5,0,0,0,1,1,8.329,10,8.329
1,DI,DF001,2,SERVICE,42,E29,21,07:51,11,21,26,07:56,5,0,0,1,1,2,4.699,6,13.028
1,DI,DF001,3,SERVICE,56,E43,30,08:00,9,30,35,08:05,5,0,0,2,1,3,3.402,4,16.430
1,DI,DF001,4,END,2,DF001,35,08:05,5,35,35,08:05,0,0,0,3,0,3,0.000,0,16.430
2,DI,DF002,0,START,0,DI,0,07:30,0,0,0,07:30,0,0,0,0,0,0,0.000,0,0.000
2,DI,DF002,1,SERVICE,48,E35,15,07:45,15,15,20,07:50,5,0,0,0,1,1,12.285,15,12.285
2,DI,DF002,2,SERVICE,20,E7,26,07:56,11,26,31,08:01,5,0,0,1,1,2,5.337,6,17.622
2,DI,DF002,3,SERVICE,54,E41,34,08:04,8,34,39,08:09,5,0,0,2,1,3,2.549,3,20.171
2,DI,DF002,4,SERVICE,15,E2,46,08:16,12,46,51,08:21,5,0,0,3,1,4,5.774,7,25.945
2,DI,DF002,5,SERVICE,25,E12,61,08:31,15,61,66,08:36,5,0,0,4,1,5,8.038,10,33.983
2,DI,DF002,6,END,3,DF002,66,08:36,5,66,66,08:36,0,0,0,5,0,5,0.000,0,33.983
3,DI,DF003,0,START,0,DI,0,07:30,0,0,0,07:30,0,0,0,0,0,0,0.000,0,0.000
3,DI,DF003,1,END,4,DF003,0,07:30,0,0,0,07:30,0,0,0,0,0,0,0.000,0,0.000
4,DI,DF004,0,START,0,DI,0,07:30,0,0,0,07:30,0,0,0,0,0,0,0.000,0,0.000
4,DI,DF004,1,SERVICE,17,E4,14,07:44,14,14,19,07:49,5,0,0,0,1,1,11.485,14,11.485
4,DI,DF004,2,SERVICE,59,E46,26,07:56,12,26,31,08:01,5,0,0,1,1,2,5.445,7,16.930
4,DI,DF004,3,SERVICE,30,E17,38,08:08,12,38,43,08:13,5,0,0,2,1,3,5.583,7,22.513
4,DI,DF004,4,SERVICE,55,E42,46,08:16,8,46,51,08:21,5,0,0,3,1,4,2.760,3,25.273
4,DI,DF004,5,SERVICE,52,E39,59,08:29,13,59,64,08:34,5,0,0,4,1,5,6.446,8,31.719
4,DI,DF004,6,END,5,DF004,64,08:34,5,64,64,08:34,0,0,0,5,0,5,0.000,0,31.719
5,DI,DF005,0,START,0,DI,0,07:30,0,0,0,07:30,0,0,0,0,0,0,0.000,0,0.000
5,DI,DF005,1,SERVICE,37,E24,3,07:33,3,3,8,07:38,5,0,0,0,1,1,2.812,3,2.812
5,DI,DF005,2,SERVICE,19,E6,16,07:46,13,16,21,07:51,5,0,0,1,1,2,6.344,8,9.156
5,DI,DF005,3,END,6,DF005,21,07:51,5,21,21,07:51,0,0,0,2,0,2,0.000,0,9.156
6,DI,DF006,0,START,0,DI,0,07:30,0,0,0,07:30,0,0,0,0,0,0,0.000,0,0.000
6,DI,DF006,1,SERVICE,16,E3,5,07:35,5,5,10,07:40,5,0,0,0,1,1,4.540,5,4.540
6,DI,DF006,2,SERVICE,14,E1,14,07:44,9,14,19,07:49,5,0,0,1,1,2,3.177,4,7.717
6,DI,DF006,3,SERVICE,38,E25,26,07:56,12,26,31,08:01,5,0,0,2,1,3,6.063,7,13.780
6,DI,DF006,4,SERVICE,53,E40,32,08:02,6,32,37,08:07,5,0,0,3,1,4,0.816,1,14.596
6,DI,DF006,5,SERVICE,13,E0,39,08:09,7,39,44,08:14,5,0,0,4,1,5,1.440,2,16.036
6,DI,DF006,6,END,7,DF006,44,08:14,5,44,44,08:14,0,0,0,5,0,5,0.000,0,16.036
7,DI,DF007,0,START,0,DI,0,07:30,0,0,0,07:30,0,0,0,0,0,0,0.000,0,0.000
7,DI,DF007,1,SERVICE,40,E27,2,07:32,2,2,7,07:37,5,0,0,0,1,1,1.524,2,1.524
7,DI,DF007,2,SERVICE,26,E13,14,07:44,12,14,19,07:49,5,0,0,1,1,2,6.135,7,7.659
7,DI,DF007,3,SERVICE,57,E44,20,07:50,6,20,25,07:55,5,0,0,2,1,3,0.780,1,8.439
7,DI,DF007,4,SERVICE,61,E48,32,08:02,12,32,37,08:07,5,0,0,3,1,4,5.484,7,13.923
7,DI,DF007,5,SERVICE,46,E33,38,08:08,6,38,43,08:13,5,0,0,4,1,5,1.230,1,15.153
7,DI,DF007,6,END,8,DF007,43,08:13,5,43,43,08:13,0,0,0,5,0,5,0.000,0,15.153
8,DI,DF008,0,START,0,DI,0,07:30,0,0,0,07:30,0,0,0,0,0,0,0.000,0,0.000
8,DI,DF008,1,SERVICE,39,E26,8,07:38,8,8,13,07:43,5,0,0,0,1,1,6.421,8,6.421
8,DI,DF008,2,SERVICE,43,E30,23,07:53,15,23,28,07:58,5,0,0,1,1,2,8.258,10,14.679
8,DI,DF008,3,SERVICE,21,E8,30,08:00,7,30,35,08:05,5,0,0,2,1,3,1.803,2,16.482
8,DI,DF008,4,SERVICE,51,E38,38,08:08,8,38,43,08:13,5,0,0,3,1,4,2.212,3,18.694
8,DI,DF008,5,SERVICE,49,E36,48,08:18,10,48,53,08:23,5,0,0,4,1,5,4.190,5,22.884
8,DI,DF008,6,END,9,DF008,53,08:23,5,53,53,08:23,0,0,0,5,0,5,0.000,0,22.884
9,DI,DF009,0,START,0,DI,0,07:30,0,0,0,07:30,0,0,0,0,0,0,0.000,0,0.000
9,DI,DF009,1,SERVICE,22,E9,14,07:44,14,14,19,07:49,5,0,0,0,1,1,12.029,14,12.029
9,DI,DF009,2,SERVICE,36,E23,22,07:52,8,22,27,07:57,5,0,0,1,1,2,2.827,3,14.856
9,DI,DF009,3,SERVICE,23,E10,33,08:03,11,33,38,08:08,5,0,0,2,1,3,4.729,6,19.585
9,DI,DF009,4,SERVICE,47,E34,45,08:15,12,45,50,08:20,5,0,0,3,1,4,5.886,7,25.471
9,DI,DF009,5,SERVICE,32,E19,53,08:23,8,53,58,08:28,5,0,0,4,1,5,2.454,3,27.925
9,DI,DF009,6,END,10,DF009,58,08:28,5,58,58,08:28,0,0,0,5,0,5,0.000,0,27.925
10,DI,DF010,0,START,0,DI,0,07:30,0,0,0,07:30,0,0,0,0,0,0,0.000,0,0.000
10,DI,DF010,1,SERVICE,31,E18,15,07:45,15,15,20,07:50,5,0,0,0,1,1,12.587,15,12.587
10,DI,DF010,2,SERVICE,34,E21,22,07:52,7,22,27,07:57,5,0,0,1,1,2,1.311,2,13.898
10,DI,DF010,3,SERVICE,45,E32,38,08:08,16,38,43,08:13,5,0,0,2,1,3,8.946,11,22.844
10,DI,DF010,4,SERVICE,33,E20,48,08:18,10,48,53,08:23,5,0,0,3,1,4,3.857,5,26.701
10,DI,DF010,5,SERVICE,27,E14,61,08:31,13,61,66,08:36,5,0,0,4,1,5,6.377,8,33.078
10,DI,DF010,6,END,11,DF010,66,08:36,5,66,66,08:36,0,0,0,5,0,5,0.000,0,33.078
11,DI,DF011,0,START,0,DI,0,07:30,0,0,0,07:30,0,0,0,0,0,0,0.000,0,0.000
11,DI,DF011,1,SERVICE,60,E47,19,07:49,19,19,24,07:54,5,0,0,0,1,1,15.979,19,15.979
11,DI,DF011,2,SERVICE,35,E22,37,08:07,18,37,42,08:12,5,0,0,1,1,2,10.546,13,26.525
11,DI,DF011,3,SERVICE,62,E49,49,08:19,12,49,54,08:24,5,0,0,2,1,3,5.778,7,32.303
11,DI,DF011,4,SERVICE,29,E16,58,08:28,9,58,63,08:33,5,0,0,3,1,4,3.710,4,36.013
11,DI,DF011,5,SERVICE,18,E5,69,08:39,11,69,74,08:44,5,0,0,4,1,5,4.620,6,40.633
11,DI,DF011,6,END,12,DF011,74,08:44,5,74,74,08:44,0,0,0,5,0,5,0.000,0,40.633
