campo,valor
estado,FEASIBLE
valor_objetivo_total,282519
tiempo_busqueda_ms,30010
empleados_totales,50
empleados_atendidos_total,50
empleados_omitidos_total,0
service_level_pct,100.00
weighted_service_level_pct,100.00
served_priority_weight,4163
total_priority_weight,4163
distancia_contabilizada_total_km,282.519
distancia_fisica_total_km,590.931
deadhead_distance_km,422.126
lag_total_min,250
total_drive_min,709
total_wait_min,0
total_service_min,250
average_stop_wait_min,0.000
p95_stop_wait_min,0.000
km_per_served_employee,11.819
min_per_served_employee,11.800
fleet_utilization_pct,91.67
workload_balance_demand_std,1.518406
workload_balance_distance_std,17.687626
workload_balance_duration_std,21.011240
max_route_duration_min,74
min_route_duration_min,0
spread_route_duration_min,74
co2_kg_per_km,0.192000
estimated_co2_kg,113.459
omitted_low_priority_count,0
omitted_medium_priority_count,0
omitted_high_priority_count,0
omitted_penalty_low,0
omitted_penalty_medium,0
omitted_penalty_high,0
omitted_penalty_total,0
objective_travel_cost,282519
objective_omission_penalty,0
objective_unattributed_cost,0
solver_status_detail,1
solver_branches,6960
solver_failures,2397

agregados_flotilla_por_ruta
duracion_modelada_min_avg,49.17
duracion_modelada_min_p95,72.90
duracion_modelada_min_min,0.00
duracion_modelada_min_max,74.00
drive_time_min_avg,59.08
drive_time_min_p95,86.70
drive_time_min_min,18.00
drive_time_min_max,90.00
wait_time_min_avg,0.00
wait_time_min_p95,0.00
wait_time_min_min,0.00
wait_time_min_max,0.00
service_time_min_avg,20.83
service_time_min_p95,25.00
service_time_min_min,0.00
service_time_min_max,25.00
productive_time_min_avg,79.92
productive_time_min_p95,111.70
productive_time_min_min,18.00
productive_time_min_max,115.00
demand_utilization_pct_avg,83.33
demand_utilization_pct_p95,100.00
demand_utilization_pct_min,0.00
demand_utilization_pct_max,100.00
distance_efficiency_ratio_avg,0.455219
distance_efficiency_ratio_p95,0.693935
distance_efficiency_ratio_min,0.000000
distance_efficiency_ratio_max,0.838971
total_service_stops_avg,4.17
total_service_stops_p95,5.00
total_service_stops_min,0.00
total_service_stops_max,5.00
route_objective_contribution_avg,23543.25
route_objective_contribution_p95,40220.50
route_objective_contribution_min,0.00
route_objective_contribution_max,40633.00

kpi_semaforos
kpi,value,status,rule
service_level_pct,100.00,GREEN,GREEN >= 98; AMBER >= 90; RED < 90
weighted_service_level_pct,100.00,GREEN,GREEN >= 99; AMBER >= 95; RED < 95
fleet_utilization_pct,91.67,AMBER,"GREEN in [60, 90]; AMBER in [40, 100]; RED outside [40, 100]"
workload_balance_duration_std,21.011,AMBER,GREEN <= 12 min; AMBER <= 25 min; RED > 25 min
average_stop_wait_min,0.000,GREEN,GREEN <= 5 min; AMBER <= 15 min; RED > 15 min
km_per_served_employee,11.819,GREEN,GREEN <= 20 km; AMBER <= 30 km; RED > 30 km
min_per_served_employee,11.800,GREEN,GREEN <= 30 min; AMBER <= 45 min; RED > 45 min

infeasibility_hints
none

empleados_no_servidos
empleado_id,prioridad,distancia_referencia_km,x_km,y_km
