vehicle_id,origin,destination,employees_served,vehicle_capacity,demand_utilization_pct,departure_time,arrival_time,time_limit,start_delay_window_min,remaining_time_to_limit_min,modeled_duration_min,drive_time_min,wait_time_min,service_time_min,productive_time_min,idle_ratio_pct,drive_time_pct,service_time_pct,wait_time_pct,accounted_distance_km,physical_distance_km,distance_efficiency_ratio,uncosted_distance_km,route_objective_contribution,total_stops,total_service_stops,is_empty_route,first_service_arrival,last_service_arrival,priority_low_served,priority_medium_served,priority_high_served,service_time_min,route_path
0,DI,DF000,5,5,100.00,07:30,08:42,09:00,0,18,72,47,0,25,72,0.00,65.28,34.72,0.00,39.889,59.543,0.669919,19.654,39889,7,5,False,07:49,08:37,0,0,5,25,0(07:30) -> 58(07:49) -> 44(08:05) -> 41(08:19) -> 24(08:26) -> 50(08:37) -> 1(08:42)
1,DI,DF001,3,5,60.00,07:30,08:05,09:00,0,55,35,20,0,15,35,0.00,57.14,42.86,0.00,16.430,49.217,0.333828,32.787,16430,5,3,False,07:40,08:00,0,1,2,15,0(07:30) -> 28(07:40) -> 42(07:51) -> 56(08:00) -> 2(08:05)
2,DI,DF002,5,5,100.00,07:30,08:36,09:00,0,24,66,41,0,25,66,0.00,62.12,37.88,0.00,33.983,69.688,0.487645,35.705,33983,7,5,False,07:45,08:31,0,0,5,25,0(07:30) -> 48(07:45) -> 20(07:56) -> 54(08:04) -> 15(08:16) -> 25(08:31) -> 3(08:36)
3,DI,DF003,0,5,0.00,07:30,07:30,09:00,0,90,0,0,0,0,0,0.00,0.00,0.00,0.00,0.000,38.013,0.000000,38.013,0,2,0,True,,,0,0,0,0,0(07:30) -> 4(07:30)
4,DI,DF004,5,5,100.00,07:30,08:34,09:00,0,26,64,39,0,25,64,0.00,60.94,39.06,0.00,31.719,56.689,0.559527,24.970,31719,7,5,False,07:44,08:29,0,0,5,25,0(07:30) -> 17(07:44) -> 59(07:56) -> 30(08:08) -> 55(08:16) -> 52(08:29) -> 5(08:34)
5,DI,DF005,2,5,40.00,07:30,07:51,09:00,0,69,21,11,0,10,21,0.00,52.38,47.62,0.00,9.156,44.050,0.207855,34.894,9156,4,2,False,07:33,07:46,1,1,0,10,0(07:30) -> 37(07:33) -> 19(07:46) -> 6(07:51)
6,DI,DF006,5,5,100.00,07:30,08:14,09:00,0,46,44,19,0,25,44,0.00,43.18,56.82,0.00,16.036,37.251,0.430485,21.215,16036,7,5,False,07:35,08:09,1,1,3,25,0(07:30) -> 16(07:35) -> 14(07:44) -> 38(07:56) -> 53(08:02) -> 13(08:09) -> 7(08:14)
7,DI,DF007,5,5,100.00,07:30,08:13,09:00,0,47,43,18,0,25,43,0.00,41.86,58.14,0.00,15.153,38.162,0.397070,23.009,15153,7,5,False,07:32,08:08,1,2,2,25,0(07:30) -> 40(07:32) -> 26(07:44) -> 57(07:50) -> 61(08:02) -> 46(08:08) -> 8(08:13)
8,DI,DF008,5,5,100.00,07:30,08:23,09:00,0,37,53,28,0,25,53,0.00,52.83,47.17,0.00,22.884,48.276,0.474024,25.392,22884,7,5,False,07:38,08:18,0,1,4,25,0(07:30) -> 39(07:38) -> 43(07:53) -> 21(08:00) -> 51(08:08) -> 49(08:18) -> 9(08:23)
9,DI,DF009,5,5,100.00,07:30,08:28,09:00,0,32,58,33,0,25,58,0.00,56.90,43.10,0.00,27.925,59.603,0.468517,31.678,27925,7,5,False,07:44,08:23,0,0,5,25,0(07:30) -> 22(07:44) -> 36(07:52) -> 23(08:03) -> 47(08:15) -> 32(08:23) -> 10(08:28)
10,DI,DF010,5,5,100.00,07:30,08:36,09:00,0,24,66,41,0,25,66,0.00,62.12,37.88,0.00,33.078,51.572,0.641395,18.494,33078,7,5,False,07:45,08:31,0,0,5,25,0(07:30) -> 31(07:45) -> 34(07:52) -> 45(08:08) -> 33(08:18) -> 27(08:31) -> 11(08:36)
11,DI,DF011,5,5,100.00,07:30,08:44,09:00,0,16,74,49,0,25,74,0.00,66.22,33.78,0.00,40.633,75.065,0.541304,34.432,40633,7,5,False,07:49,08:39,0,0,5,25,0(07:30) -> 60(07:49) -> 35(08:07) -> 62(08:19) -> 29(08:28) -> 18(08:39) -> 12(08:44)
