vehicle_id,origen,destino,empleados_atendidos,capacidad_vehiculo,hora_salida,hora_llegada,hora_limite,duracion_modelada_min,distancia_contabilizada_km,distancia_fisica_km,lag_min,ruta
0,DI000,DF,4,5,08:19,09:00,09:00,41,17.234,52.396,20,0(08:19) -> 56(08:19) -> 42(08:28) -> 28(08:39) -> 37(08:52) -> 12(09:00)
1,DI001,DF,5,5,08:11,09:00,09:00,49,19.833,37.506,25,1(08:11) -> 58(08:11) -> 53(08:21) -> 38(08:27) -> 17(08:35) -> 14(08:46) -> 12(09:00)
2,DI002,DF,5,5,07:51,09:00,09:00,69,36.566,53.184,25,2(07:51) -> 62(07:51) -> 29(08:00) -> 35(08:12) -> 60(08:30) -> 13(08:40) -> 12(09:00)
3,DI003,DF,5,5,08:02,09:00,09:00,58,27.925,43.982,25,3(08:02) -> 32(08:02) -> 47(08:10) -> 23(08:22) -> 36(08:33) -> 22(08:41) -> 12(09:00)
4,DI004,DF,5,5,07:54,09:00,09:00,66,33.078,69.005,25,4(07:54) -> 27(07:54) -> 33(08:07) -> 45(08:17) -> 34(08:33) -> 31(08:40) -> 12(09:00)
5,DI005,DF,5,5,08:01,09:00,09:00,59,29.485,53.864,25,5(08:01) -> 44(08:01) -> 55(08:10) -> 30(08:18) -> 49(08:28) -> 59(08:35) -> 12(09:00)
6,DI006,DF,5,5,08:13,09:00,09:00,47,18.918,49.269,25,6(08:13) -> 51(08:13) -> 21(08:21) -> 43(08:28) -> 46(08:37) -> 61(08:43) -> 12(09:00)
7,DI007,DF,5,5,07:35,09:00,09:00,85,50.296,81.835,25,7(07:35) -> 18(07:35) -> 41(07:47) -> 24(07:54) -> 50(08:05) -> 52(08:22) -> 12(09:00)
8,DI008,DF,5,5,07:54,09:00,09:00,66,33.983,62.888,25,8(07:54) -> 25(07:54) -> 15(08:09) -> 54(08:21) -> 20(08:29) -> 48(08:40) -> 12(09:00)
9,DI009,DF,4,5,08:29,09:00,09:00,31,9.660,17.739,20,9(08:29) -> 26(08:29) -> 57(08:35) -> 39(08:42) -> 16(08:50) -> 12(09:00)
10,DI010,DF,2,5,08:38,09:00,09:00,22,9.700,27.648,10,10(08:38) -> 19(08:38) -> 40(08:53) -> 12(09:00)
11,DI011,DF,0,5,07:30,07:30,09:00,0,0.000,22.561,0,11(07:30) -> 12(07:30)
